collateral_token,date,liquidation_count,liquidation_usd
USDC,2023-03-11 00:00:00.000 UTC,1,47431.636103
USDC,2023-03-14 00:00:00.000 UTC,1,12853.676715
USDC,2023-04-05 00:00:00.000 UTC,1,28442.869677
USDC,2023-04-09 00:00:00.000 UTC,2,128.977026
USDC,2023-04-13 00:00:00.000 UTC,1,1288.744231
USDC,2023-04-14 00:00:00.000 UTC,1,1526.399137
USDC,2023-06-10 00:00:00.000 UTC,1,1181.683254
DAI,2023-06-15 00:00:00.000 UTC,1,522489981685391.7
DAI,2023-06-16 00:00:00.000 UTC,1,3136363874443814
USDC,2023-06-21 00:00:00.000 UTC,1,86974.221211
USDC,2023-08-19 00:00:00.000 UTC,1,501.241026
USDC,2023-08-23 00:00:00.000 UTC,1,596.265609
USDC,2023-09-20 00:00:00.000 UTC,1,3372.254035
USDC,2023-09-23 00:00:00.000 UTC,1,35597.350448
DAI,2023-10-20 00:00:00.000 UTC,1,703137559139477.2
USDC,2023-10-21 00:00:00.000 UTC,3,57222.794433
USDC,2023-10-22 00:00:00.000 UTC,1,497.836903
DAI,2023-10-23 00:00:00.000 UTC,2,851392787588766100
USDC,2023-10-23 00:00:00.000 UTC,1,290.884543
USDC,2023-10-25 00:00:00.000 UTC,3,36965.693084
DAI,2023-11-06 00:00:00.000 UTC,1,43012826097998744
USDC,2023-11-06 00:00:00.000 UTC,1,49995.784379
USDC,2023-11-08 00:00:00.000 UTC,1,15598.967038
DAI,2023-11-09 00:00:00.000 UTC,2,493988289127716350
USDC,2023-11-09 00:00:00.000 UTC,3,92999.348937
DAI,2023-12-04 00:00:00.000 UTC,1,285903036756294000
USDC,2023-12-04 00:00:00.000 UTC,1,42921.91896
USDT,2023-12-04 00:00:00.000 UTC,1,2322.046283
USDC,2023-12-05 00:00:00.000 UTC,2,40170.420096999995
USDC,2023-12-07 00:00:00.000 UTC,1,1642.631647
USDT,2023-12-11 00:00:00.000 UTC,1,1670.471094
DAI,2023-12-24 00:00:00.000 UTC,1,461172165266211.7
USDC,2023-12-25 00:00:00.000 UTC,1,414.121178
DAI,2023-12-26 00:00:00.000 UTC,1,496097766073989.2
USDC,2023-12-27 00:00:00.000 UTC,1,803.950649
DAI,2024-01-01 00:00:00.000 UTC,1,301217142697387.44
USDT,2024-01-03 00:00:00.000 UTC,1,6749.72367
DAI,2024-01-10 00:00:00.000 UTC,1,166994123721939740
USDC,2024-01-10 00:00:00.000 UTC,2,22098.607857000003
DAI,2024-01-11 00:00:00.000 UTC,1,759162574902486700
USDC,2024-01-11 00:00:00.000 UTC,2,25853.877898
USDC,2024-02-02 00:00:00.000 UTC,1,5293.315768
USDT,2024-02-11 00:00:00.000 UTC,1,10239.507267
USDC,2024-02-12 00:00:00.000 UTC,1,2184.63172
USDT,2024-02-12 00:00:00.000 UTC,1,5966.866321
USDC,2024-02-14 00:00:00.000 UTC,5,18508.300808
USDT,2024-02-14 00:00:00.000 UTC,1,2510.767916
USDC,2024-02-15 00:00:00.000 UTC,2,65098.541805999994
USDC,2024-02-19 00:00:00.000 UTC,1,975.999574
DAI,2024-02-20 00:00:00.000 UTC,1,97328564231270500
USDC,2024-02-20 00:00:00.000 UTC,1,6284.790373
USDT,2024-02-20 00:00:00.000 UTC,1,3823.627145
DAI,2024-02-24 00:00:00.000 UTC,1,6078991825861317
DAI,2024-02-25 00:00:00.000 UTC,1,4311733872648988.5
DAI,2024-02-26 00:00:00.000 UTC,1,8229347701898876
USDC,2024-02-26 00:00:00.000 UTC,1,46443.481044
USDT,2024-02-26 00:00:00.000 UTC,1,16701.757161
USDC,2024-02-27 00:00:00.000 UTC,6,80910.00979
USDC,2024-02-28 00:00:00.000 UTC,8,162961.88120899998
USDT,2024-02-28 00:00:00.000 UTC,1,15870.985859
DAI,2024-02-29 00:00:00.000 UTC,1,56152813903669700
USDC,2024-02-29 00:00:00.000 UTC,1,25298.560137
DAI,2024-03-02 00:00:00.000 UTC,1,4734465890086908
USDC,2024-03-02 00:00:00.000 UTC,1,3107.638646
USDC,2024-03-04 00:00:00.000 UTC,3,37388.976332000006
USDC,2024-03-05 00:00:00.000 UTC,2,22527.514034
USDT,2024-03-05 00:00:00.000 UTC,1,4245.26664
DAI,2024-03-06 00:00:00.000 UTC,1,5787879543728067
USDC,2024-03-06 00:00:00.000 UTC,4,58725.569401
USDT,2024-03-06 00:00:00.000 UTC,1,9238.849235
USDC,2024-03-08 00:00:00.000 UTC,2,8997.999564
DAI,2024-03-11 00:00:00.000 UTC,1,32649392745412970
USDC,2024-03-11 00:00:00.000 UTC,2,10019.750048
USDT,2024-03-11 00:00:00.000 UTC,1,16860.344459
USDC,2024-03-13 00:00:00.000 UTC,1,2850.668025
USDC,2024-03-16 00:00:00.000 UTC,1,1300.526722
DAI,2024-03-17 00:00:00.000 UTC,1,145071353120610660
USDC,2024-03-17 00:00:00.000 UTC,2,2345.600891
USDC,2024-04-08 00:00:00.000 UTC,2,6757.443424000001
USDT,2024-04-10 00:00:00.000 UTC,1,1321.959619
USDC,2024-04-11 00:00:00.000 UTC,1,445.026768
USDC,2024-04-13 00:00:00.000 UTC,1,73222.121968
USDC,2024-04-16 00:00:00.000 UTC,1,372.495181
USDC,2024-04-17 00:00:00.000 UTC,1,283.829629
USDC,2024-04-18 00:00:00.000 UTC,1,1830.352861
USDC,2024-04-19 00:00:00.000 UTC,1,917.088706
DAI,2024-04-20 00:00:00.000 UTC,1,344596541873357.1
USDC,2024-04-22 00:00:00.000 UTC,1,489.160375
USDT,2024-05-04 00:00:00.000 UTC,1,192.746035
DAI,2024-05-07 00:00:00.000 UTC,1,132097779755523.69
USDC,2024-05-09 00:00:00.000 UTC,1,117.652816
USDC,2024-05-11 00:00:00.000 UTC,5,4746.518803
USDT,2024-05-11 00:00:00.000 UTC,1,140.03853
DAI,2024-05-15 00:00:00.000 UTC,2,17553804255082836
USDC,2024-05-15 00:00:00.000 UTC,1,285896.504807
DAI,2024-05-16 00:00:00.000 UTC,2,5621068381421715
DAI,2024-05-17 00:00:00.000 UTC,2,6372745538079114
USDT,2024-05-17 00:00:00.000 UTC,1,134.660457
USDC,2024-05-19 00:00:00.000 UTC,1,0.004231
DAI,2024-05-20 00:00:00.000 UTC,1,3838762451808894
USDT,2024-05-20 00:00:00.000 UTC,2,6085794.873934
DAI,2024-05-23 00:00:00.000 UTC,1,403843342185156
USDC,2024-05-26 00:00:00.000 UTC,1,287.31606
DAI,2024-06-11 00:00:00.000 UTC,1,86627807357129.84
DAI,2024-06-14 00:00:00.000 UTC,6,199140619876130240
USDC,2024-06-14 00:00:00.000 UTC,4,82919.0842
USDT,2024-06-15 00:00:00.000 UTC,1,2061.608371
USDT,2024-06-16 00:00:00.000 UTC,1,122654.982716
USDC,2024-06-20 00:00:00.000 UTC,1,104.362718
USDC,2024-06-21 00:00:00.000 UTC,1,265.615926
DAI,2024-06-29 00:00:00.000 UTC,1,61371910415624.52
USDT,2024-06-29 00:00:00.000 UTC,1,82.910186
DAI,2024-07-02 00:00:00.000 UTC,1,48148835545576.695
USDC,2024-07-05 00:00:00.000 UTC,1,54038.825495
USDC,2024-07-06 00:00:00.000 UTC,2,87.051208
USDT,2024-07-23 00:00:00.000 UTC,1,7804.390687
USDC,2024-07-24 00:00:00.000 UTC,1,1347.952855
USDC,2024-07-25 00:00:00.000 UTC,1,49.454229
USDT,2024-07-25 00:00:00.000 UTC,1,27.832784
USDC,2024-07-28 00:00:00.000 UTC,1,8.908586
USDC,2024-08-01 00:00:00.000 UTC,2,1012.327444
USDC,2024-08-04 00:00:00.000 UTC,1,91.829197
USDT,2024-08-04 00:00:00.000 UTC,1,221.976783
DAI,2024-08-05 00:00:00.000 UTC,2,15408361709709080
USDC,2024-08-05 00:00:00.000 UTC,23,1872678.0352809997
USDT,2024-08-05 00:00:00.000 UTC,16,1264959.5148449999
DAI,2024-08-16 00:00:00.000 UTC,1,27915906831783.965
USDC,2024-08-21 00:00:00.000 UTC,1,186.961125
USDT,2024-08-21 00:00:00.000 UTC,3,525.487076
USDC,2024-08-22 00:00:00.000 UTC,1,8.344424
USDC,2024-08-23 00:00:00.000 UTC,1,80194.159413
USDT,2024-08-23 00:00:00.000 UTC,2,995.2581409999999
USDC,2024-08-24 00:00:00.000 UTC,1,48.50057
USDC,2024-08-29 00:00:00.000 UTC,1,118.830947
DAI,2024-09-02 00:00:00.000 UTC,1,30040587800047.848
DAI,2024-09-03 00:00:00.000 UTC,1,13027705375443.986
USDT,2024-09-06 00:00:00.000 UTC,2,115.08911599999999
USDT,2024-09-07 00:00:00.000 UTC,1,130.716324
USDT,2024-09-08 00:00:00.000 UTC,1,113.0323
USDC,2024-09-09 00:00:00.000 UTC,1,115.32699
USDT,2024-09-09 00:00:00.000 UTC,1,95.755648
USDC,2024-09-13 00:00:00.000 UTC,1,1133.011674
USDT,2024-09-13 00:00:00.000 UTC,2,29784.123929
USDC,2024-09-15 00:00:00.000 UTC,1,22.765896
USDT,2024-09-16 00:00:00.000 UTC,1,23.444463
USDC,2024-09-21 00:00:00.000 UTC,1,35867.060651
USDC,2024-10-20 00:00:00.000 UTC,1,665.714951
USDT,2024-10-22 00:00:00.000 UTC,1,150.01469
USDC,2024-10-23 00:00:00.000 UTC,1,90.713677
USDT,2024-10-29 00:00:00.000 UTC,1,202.851836
USDC,2024-11-02 00:00:00.000 UTC,1,75.906283
USDC,2024-11-07 00:00:00.000 UTC,1,679.561887
USDC,2024-11-09 00:00:00.000 UTC,2,563.140178
USDT,2024-11-09 00:00:00.000 UTC,2,965.350599
USDT,2024-11-10 00:00:00.000 UTC,2,1704.938403
USDC,2024-11-11 00:00:00.000 UTC,1,51887.340466
USDC,2024-11-12 00:00:00.000 UTC,1,35316.250579
USDT,2024-11-19 00:00:00.000 UTC,1,162326.167044
USDC,2024-11-21 00:00:00.000 UTC,1,405.670614
USDT,2024-11-21 00:00:00.000 UTC,1,843.088613
USDC,2024-11-22 00:00:00.000 UTC,1,633.82349
USDC,2024-11-23 00:00:00.000 UTC,1,59094.673356
USDC,2024-11-25 00:00:00.000 UTC,2,14494.984498
DAI,2024-11-26 00:00:00.000 UTC,1,255352699094557
USDC,2024-11-26 00:00:00.000 UTC,1,295.538347
USDC,2024-11-28 00:00:00.000 UTC,1,409.661363
DAI,2024-11-29 00:00:00.000 UTC,1,154138937064078.03
USDT,2024-11-30 00:00:00.000 UTC,1,489.200753
USDC,2024-12-03 00:00:00.000 UTC,1,8400.686318
USDC,2024-12-04 00:00:00.000 UTC,2,312913.12438399997
USDC,2024-12-08 00:00:00.000 UTC,1,239.586829
USDT,2024-12-08 00:00:00.000 UTC,1,335.718459
USDC,2024-12-14 00:00:00.000 UTC,1,526.296335
USDC,2024-12-23 00:00:00.000 UTC,2,591.428048
USDT,2024-12-25 00:00:00.000 UTC,1,164.927711
USDC,2024-12-28 00:00:00.000 UTC,1,146.757415
USDC,2024-12-30 00:00:00.000 UTC,1,105.769973
USDT,2024-12-30 00:00:00.000 UTC,1,94.914197
USDT,2025-01-01 00:00:00.000 UTC,1,93.050939
USDT,2025-01-09 00:00:00.000 UTC,1,89.902583
USDC,2025-01-12 00:00:00.000 UTC,3,142.30289199999999
USDC,2025-01-14 00:00:00.000 UTC,1,94.567824
USDC,2025-01-15 00:00:00.000 UTC,1,178.367409
USDT,2025-01-17 00:00:00.000 UTC,1,28474.797883
USDC,2025-01-18 00:00:00.000 UTC,1,122.700259
USDT,2025-01-24 00:00:00.000 UTC,1,164.971759
USDC,2025-01-29 00:00:00.000 UTC,1,105.351744
USDT,2025-01-31 00:00:00.000 UTC,1,353.915432
DAI,2025-02-02 00:00:00.000 UTC,1,4956432870635042
USDC,2025-02-03 00:00:00.000 UTC,9,1783412.494562
USDT,2025-02-03 00:00:00.000 UTC,9,94490.90993
USDC,2025-02-05 00:00:00.000 UTC,1,80.919831
USDT,2025-02-05 00:00:00.000 UTC,1,70.27291
USDC,2025-02-19 00:00:00.000 UTC,1,121070.515351
USDC,2025-02-24 00:00:00.000 UTC,1,1329.502154
DAI,2025-02-25 00:00:00.000 UTC,1,100366969829598.02
USDT,2025-02-25 00:00:00.000 UTC,2,412.892341
USDC,2025-02-26 00:00:00.000 UTC,1,38.886989
USDT,2025-02-26 00:00:00.000 UTC,1,45014.41065
USDC,2025-02-27 00:00:00.000 UTC,1,27.61722
DAI,2025-02-28 00:00:00.000 UTC,1,30748450875197.426
USDC,2025-02-28 00:00:00.000 UTC,2,23777.9745
USDT,2025-02-28 00:00:00.000 UTC,1,61.362201
USDC,2025-03-01 00:00:00.000 UTC,1,80.63634
DAI,2025-03-02 00:00:00.000 UTC,1,68918174977227.94
USDC,2025-03-02 00:00:00.000 UTC,1,16836.32258
USDT,2025-03-02 00:00:00.000 UTC,1,54.770658
USDC,2025-03-03 00:00:00.000 UTC,1,5861.585114
USDC,2025-03-04 00:00:00.000 UTC,1,51.81486
USDT,2025-03-04 00:00:00.000 UTC,1,108.241735
USDC,2025-03-09 00:00:00.000 UTC,1,21.052024
USDC,2025-03-10 00:00:00.000 UTC,1,64301.310858
USDT,2025-03-10 00:00:00.000 UTC,2,779.340782
USDC,2025-03-11 00:00:00.000 UTC,1,140.471097
USDT,2025-03-11 00:00:00.000 UTC,4,6976.412424
USDC,2025-03-12 00:00:00.000 UTC,2,429.01741400000003
USDC,2025-03-13 00:00:00.000 UTC,2,84.03759400000001
USDC,2025-03-14 00:00:00.000 UTC,1,58.034169
USDC,2025-03-15 00:00:00.000 UTC,1,18.068873
USDT,2025-03-15 00:00:00.000 UTC,1,18.056216
DAI,2025-03-16 00:00:00.000 UTC,1,18663394262717.31
USDC,2025-03-17 00:00:00.000 UTC,1,22.223679
USDC,2025-03-18 00:00:00.000 UTC,1,48.957143
USDC,2025-03-19 00:00:00.000 UTC,1,25.5813
USDT,2025-03-19 00:00:00.000 UTC,2,83.003413
USDC,2025-03-20 00:00:00.000 UTC,1,65.252522
USDC,2025-03-22 00:00:00.000 UTC,1,1123.861209
USDC,2025-03-24 00:00:00.000 UTC,1,16.216104
DAI,2025-03-25 00:00:00.000 UTC,7,12375643345658.25
USDC,2025-03-25 00:00:00.000 UTC,47,111.85739200000002
USDT,2025-03-25 00:00:00.000 UTC,7,36.316834
DAI,2025-03-26 00:00:00.000 UTC,3,19895426621320.492
USDC,2025-03-26 00:00:00.000 UTC,17,15.645721000000002
USDT,2025-03-26 00:00:00.000 UTC,12,26.751632
DAI,2025-03-28 00:00:00.000 UTC,1,213259410739.90125
USDC,2025-03-28 00:00:00.000 UTC,1,1e-06
USDT,2025-03-28 00:00:00.000 UTC,4,2.810492
USDC,2025-03-30 00:00:00.000 UTC,1,35786.99085
USDT,2025-03-30 00:00:00.000 UTC,1,29.900852
USDC,2025-03-31 00:00:00.000 UTC,1,10514.003503
USDC,2025-04-01 00:00:00.000 UTC,2,58647.32389
USDC,2025-04-02 00:00:00.000 UTC,1,13853.013392
USDC,2025-04-06 00:00:00.000 UTC,3,6922.756711
USDT,2025-04-06 00:00:00.000 UTC,5,12150.249898999999
USDC,2025-04-07 00:00:00.000 UTC,2,316.71490600000004
USDT,2025-04-07 00:00:00.000 UTC,5,169025.668018
USDC,2025-04-08 00:00:00.000 UTC,1,64.864634
DAI,2025-04-09 00:00:00.000 UTC,1,1568367127829034
USDC,2025-04-09 00:00:00.000 UTC,2,2175.892927
USDT,2025-04-09 00:00:00.000 UTC,1,28167.458176
USDC,2025-04-11 00:00:00.000 UTC,1,83.52065
USDT,2025-04-12 00:00:00.000 UTC,1,7624.809965
USDC,2025-04-16 00:00:00.000 UTC,5,631.147265
USDT,2025-04-16 00:00:00.000 UTC,1,3178.369303
DAI,2025-04-21 00:00:00.000 UTC,1,7991550744621.274
USDC,2025-04-21 00:00:00.000 UTC,2,10201.904866
USDC,2025-04-22 00:00:00.000 UTC,2,7991.463466
USDT,2025-04-22 00:00:00.000 UTC,2,61.800380000000004
USDC,2025-04-23 00:00:00.000 UTC,3,133.12577
USDC,2025-04-27 00:00:00.000 UTC,1,6.665454
USDT,2025-04-27 00:00:00.000 UTC,1,6.287461
USDC,2025-05-01 00:00:00.000 UTC,3,128.929811
USDT,2025-05-01 00:00:00.000 UTC,1,58476.136214
USDC,2025-05-08 00:00:00.000 UTC,3,4533.186775
USDT,2025-05-08 00:00:00.000 UTC,2,5033.0489290000005
USDC,2025-05-09 00:00:00.000 UTC,6,77193.605815
USDT,2025-05-09 00:00:00.000 UTC,2,27227.922647
USDC,2025-05-10 00:00:00.000 UTC,1,209.945768
USDT,2025-05-10 00:00:00.000 UTC,2,3547.774411
USDC,2025-05-14 00:00:00.000 UTC,1,16.736897
USDT,2025-05-17 00:00:00.000 UTC,1,264.175461
USDC,2025-05-18 00:00:00.000 UTC,2,132656.69064500002
USDC,2025-05-19 00:00:00.000 UTC,1,4.008821
USDC,2025-05-22 00:00:00.000 UTC,1,416.880108
USDC,2025-05-23 00:00:00.000 UTC,1,118.252503
USDT,2025-05-24 00:00:00.000 UTC,1,1002.387046
DAI,2025-05-26 00:00:00.000 UTC,1,11186266020865.527
USDC,2025-05-26 00:00:00.000 UTC,1,618.143976
USDC,2025-05-28 00:00:00.000 UTC,3,130.277162
USDT,2025-06-02 00:00:00.000 UTC,1,89.626322
USDT,2025-06-04 00:00:00.000 UTC,1,168.964257
USDC,2025-06-05 00:00:00.000 UTC,4,21.538565
USDC,2025-06-07 00:00:00.000 UTC,2,2.1700600000000003
USDC,2025-06-08 00:00:00.000 UTC,1,4.276543
USDC,2025-06-09 00:00:00.000 UTC,1,0.0019
USDT,2025-06-10 00:00:00.000 UTC,1,16.589539
USDT,2025-06-11 00:00:00.000 UTC,3,201.55870299999998
USDC,2025-06-13 00:00:00.000 UTC,1,0.202529
USDC,2025-06-15 00:00:00.000 UTC,1,7.955609
USDC,2025-06-17 00:00:00.000 UTC,1,1.156124
USDT,2025-06-18 00:00:00.000 UTC,1,89.584943
USDC,2025-06-19 00:00:00.000 UTC,2,59.691342999999996
USDT,2025-06-19 00:00:00.000 UTC,1,0.434268
USDC,2025-06-20 00:00:00.000 UTC,2,2128.860796
USDT,2025-06-20 00:00:00.000 UTC,1,1003.418552
USDC,2025-06-21 00:00:00.000 UTC,1,6.713567
USDT,2025-06-22 00:00:00.000 UTC,1,87.664595
USDC,2025-06-23 00:00:00.000 UTC,1,1976.251855
USDC,2025-06-29 00:00:00.000 UTC,1,62.83229
USDC,2025-06-30 00:00:00.000 UTC,1,10.708707
USDC,2025-07-02 00:00:00.000 UTC,1,0.986625
USDC,2025-07-03 00:00:00.000 UTC,1,12.202225
USDT,2025-07-03 00:00:00.000 UTC,1,24.760872
USDC,2025-07-04 00:00:00.000 UTC,1,1.355689
USDC,2025-07-05 00:00:00.000 UTC,1,0.109672
USDC,2025-07-06 00:00:00.000 UTC,2,11.523431
USDC,2025-07-09 00:00:00.000 UTC,1,7.038134
USDC,2025-07-10 00:00:00.000 UTC,4,9922.273659999999
USDT,2025-07-10 00:00:00.000 UTC,1,120.944426
USDC,2025-07-11 00:00:00.000 UTC,2,897.199349
DAI,2025-07-12 00:00:00.000 UTC,1,45133107396826.516
USDC,2025-07-12 00:00:00.000 UTC,1,11.346598
USDC,2025-07-13 00:00:00.000 UTC,1,68.725634
USDT,2025-07-14 00:00:00.000 UTC,1,8.621586
USDT,2025-07-15 00:00:00.000 UTC,2,63604.15446
USDC,2025-07-16 00:00:00.000 UTC,4,1989.674036
USDT,2025-07-16 00:00:00.000 UTC,1,93.31949
DAI,2025-07-17 00:00:00.000 UTC,1,50039752949401.84
USDC,2025-07-17 00:00:00.000 UTC,1,469273.052785
USDC,2025-07-18 00:00:00.000 UTC,3,43997.705905999996
USDT,2025-07-18 00:00:00.000 UTC,2,635.333111
DAI,2025-07-19 00:00:00.000 UTC,1,40428215576291.35
USDC,2025-07-19 00:00:00.000 UTC,1,9.421727
USDT,2025-07-19 00:00:00.000 UTC,1,24.9411
DAI,2025-07-20 00:00:00.000 UTC,1,25485514118411.723
USDC,2025-07-20 00:00:00.000 UTC,4,361955.93636
USDT,2025-07-20 00:00:00.000 UTC,1,20.84542
USDC,2025-07-21 00:00:00.000 UTC,1,35980.318442
USDT,2025-07-21 00:00:00.000 UTC,7,281618.80854299996
DAI,2025-07-22 00:00:00.000 UTC,1,11149889295604.459
USDC,2025-07-22 00:00:00.000 UTC,1,11.203096
USDT,2025-07-22 00:00:00.000 UTC,1,15.071649
DAI,2025-07-23 00:00:00.000 UTC,1,11194843550553.373
USDC,2025-07-23 00:00:00.000 UTC,1,5.632735
USDT,2025-07-23 00:00:00.000 UTC,1,10.809411
USDT,2025-07-25 00:00:00.000 UTC,1,9.416572
USDT,2025-07-26 00:00:00.000 UTC,1,39.232127
DAI,2025-07-28 00:00:00.000 UTC,1,84576684886625
USDC,2025-07-28 00:00:00.000 UTC,3,256887.382573
DAI,2025-07-31 00:00:00.000 UTC,3,3082539361902.1763
USDC,2025-07-31 00:00:00.000 UTC,3,8.940186
USDT,2025-08-01 00:00:00.000 UTC,1,264368.449793
USDC,2025-08-04 00:00:00.000 UTC,2,321736.098861
USDT,2025-08-04 00:00:00.000 UTC,1,195560.321073
USDC,2025-08-07 00:00:00.000 UTC,1,252897.773231
USDT,2025-08-07 00:00:00.000 UTC,1,6.054036
USDC,2025-08-08 00:00:00.000 UTC,3,156069.772445
USDT,2025-08-08 00:00:00.000 UTC,1,30.752723
USDT,2025-08-09 00:00:00.000 UTC,2,114134.05477999999
USDC,2025-08-10 00:00:00.000 UTC,1,80.916021
USDT,2025-08-10 00:00:00.000 UTC,1,1109486.582793
USDC,2025-08-11 00:00:00.000 UTC,2,314.001878
USDC,2025-08-12 00:00:00.000 UTC,1,2281.756544
USDT,2025-08-12 00:00:00.000 UTC,2,81771.545042
DAI,2025-08-13 00:00:00.000 UTC,1,19719437802552404
USDC,2025-08-13 00:00:00.000 UTC,2,6007.405241
USDC,2025-08-16 00:00:00.000 UTC,3,35.568614999999994
USDC,2025-08-17 00:00:00.000 UTC,1,8.717203
USDT,2025-08-17 00:00:00.000 UTC,2,17.17606
USDC,2025-08-18 00:00:00.000 UTC,2,112313.24077399999
USDT,2025-08-18 00:00:00.000 UTC,2,95214.274091
USDC,2025-08-19 00:00:00.000 UTC,1,5165.724454
USDT,2025-08-19 00:00:00.000 UTC,1,5503.253747
USDC,2025-08-22 00:00:00.000 UTC,4,292568.88932
USDT,2025-08-22 00:00:00.000 UTC,3,5459.603861
DAI,2025-08-23 00:00:00.000 UTC,2,42397783167962.28
USDT,2025-08-23 00:00:00.000 UTC,1,17.37003
USDC,2025-08-24 00:00:00.000 UTC,2,21446.437891999998
USDT,2025-08-24 00:00:00.000 UTC,2,45833.873576
USDT,2025-08-25 00:00:00.000 UTC,1,4577.07749
DAI,2025-08-27 00:00:00.000 UTC,1,13540048842995.797
USDT,2025-08-27 00:00:00.000 UTC,1,29.607269
USDC,2025-08-28 00:00:00.000 UTC,1,127034.563362
USDT,2025-08-29 00:00:00.000 UTC,1,120.335892
USDC,2025-09-01 00:00:00.000 UTC,1,3966.869949
USDC,2025-09-03 00:00:00.000 UTC,1,0.020695
USDC,2025-09-04 00:00:00.000 UTC,1,67944.722903
USDT,2025-09-07 00:00:00.000 UTC,1,3.980903
USDC,2025-09-13 00:00:00.000 UTC,2,7787.374304
USDC,2025-09-18 00:00:00.000 UTC,1,126180.905362
DAI,2025-09-23 00:00:00.000 UTC,1,5066789180513.468
USDC,2025-09-23 00:00:00.000 UTC,2,10.33524
USDT,2025-09-23 00:00:00.000 UTC,1,5.057318
DAI,2025-09-24 00:00:00.000 UTC,1,207525302733704.34
USDC,2025-09-25 00:00:00.000 UTC,1,2247.149758
DAI,2025-10-01 00:00:00.000 UTC,1,86011380971197.7
USDC,2025-10-06 00:00:00.000 UTC,1,197.225827
USDT,2025-10-08 00:00:00.000 UTC,1,384.853448
DAI,2025-10-10 00:00:00.000 UTC,2,31152491172310010
USDC,2025-10-10 00:00:00.000 UTC,19,174687.335706
USDT,2025-10-10 00:00:00.000 UTC,22,1511373.4966109998
USDC,2025-10-11 00:00:00.000 UTC,2,1421.63675
USDC,2025-10-12 00:00:00.000 UTC,1,6.595581
USDT,2025-10-12 00:00:00.000 UTC,1,7.227929
USDC,2025-10-13 00:00:00.000 UTC,2,161.88969
USDC,2025-10-15 00:00:00.000 UTC,2,4.971773000000001
USDT,2025-10-15 00:00:00.000 UTC,1,0.858478
USDC,2025-10-20 00:00:00.000 UTC,2,139933.95226199998
USDT,2025-10-21 00:00:00.000 UTC,2,1683205.884663
USDC,2025-10-23 00:00:00.000 UTC,1,15.45064
USDC,2025-10-26 00:00:00.000 UTC,2,78163.348888
USDT,2025-10-26 00:00:00.000 UTC,2,77.84633
USDC,2025-10-27 00:00:00.000 UTC,1,2023.600835
USDC,2025-11-03 00:00:00.000 UTC,2,540.157585
USDT,2025-11-03 00:00:00.000 UTC,1,1332.46952
USDC,2025-11-04 00:00:00.000 UTC,1,155.126307
USDT,2025-11-04 00:00:00.000 UTC,3,9348.572540000001
USDC,2025-11-06 00:00:00.000 UTC,2,12803.722234
USDC,2025-11-07 00:00:00.000 UTC,1,47.102555
USDC,2025-11-09 00:00:00.000 UTC,2,11205.105159
USDC,2025-11-10 00:00:00.000 UTC,3,2934.575323
USDC,2025-11-13 00:00:00.000 UTC,1,408.588695
USDC,2025-11-15 00:00:00.000 UTC,1,15058.834984
USDC,2025-11-16 00:00:00.000 UTC,1,7632.342024
USDT,2025-11-16 00:00:00.000 UTC,1,23228.891518
USDC,2025-11-17 00:00:00.000 UTC,1,566.794866
USDT,2025-11-17 00:00:00.000 UTC,1,7642.053795
USDC,2025-11-19 00:00:00.000 UTC,1,120.188092
USDC,2025-11-21 00:00:00.000 UTC,1,811.544685
USDT,2025-11-21 00:00:00.000 UTC,6,113127.845281
USDC,2025-11-24 00:00:00.000 UTC,2,28142.157075
USDT,2025-11-25 00:00:00.000 UTC,1,29.447454
USDC,2025-11-26 00:00:00.000 UTC,1,11671.620335
USDT,2025-11-26 00:00:00.000 UTC,1,4.997072
USDT,2025-11-27 00:00:00.000 UTC,2,1557727.220659
USDC,2025-11-28 00:00:00.000 UTC,1,1827.071594
USDC,2025-11-29 00:00:00.000 UTC,1,23.326313
USDC,2025-12-02 00:00:00.000 UTC,2,28562.661806
USDT,2025-12-02 00:00:00.000 UTC,2,3558075.356511
USDC,2025-12-03 00:00:00.000 UTC,2,1176.536478
USDT,2025-12-03 00:00:00.000 UTC,1,5.234887
USDT,2025-12-04 00:00:00.000 UTC,2,6.5693269999999995
USDC,2025-12-09 00:00:00.000 UTC,2,200.733616
USDT,2025-12-09 00:00:00.000 UTC,9,2655936.168589
USDC,2025-12-10 00:00:00.000 UTC,1,0.004147
USDT,2025-12-16 00:00:00.000 UTC,1,87.334457
USDT,2025-12-17 00:00:00.000 UTC,1,109.330362
USDC,2025-12-19 00:00:00.000 UTC,1,6.415244
USDT,2025-12-19 00:00:00.000 UTC,1,2.285787
USDC,2025-12-23 00:00:00.000 UTC,1,2.406359
USDC,2025-12-24 00:00:00.000 UTC,1,3.745062
USDC,2025-12-25 00:00:00.000 UTC,1,73.284138
USDT,2025-12-26 00:00:00.000 UTC,1,1082.183723
USDT,2025-12-29 00:00:00.000 UTC,1,2.848821
DAI,2025-12-31 00:00:00.000 UTC,1,9209664750028.133
USDT,2026-01-02 00:00:00.000 UTC,1,29646.992562
USDT,2026-01-03 00:00:00.000 UTC,1,0.000323
USDC,2026-01-05 00:00:00.000 UTC,2,5.854779000000001
USDT,2026-01-05 00:00:00.000 UTC,1,467531.754772
USDT,2026-01-06 00:00:00.000 UTC,1,17223.06849
USDT,2026-01-11 00:00:00.000 UTC,1,8266.737338
USDC,2026-01-13 00:00:00.000 UTC,2,156.246064
USDT,2026-01-13 00:00:00.000 UTC,3,135697.98644
USDT,2026-01-14 00:00:00.000 UTC,1,1883.04098
USDC,2026-01-18 00:00:00.000 UTC,1,42.168475
USDT,2026-01-19 00:00:00.000 UTC,1,10900.573716
USDT,2026-01-20 00:00:00.000 UTC,1,2725.825739
USDC,2026-01-25 00:00:00.000 UTC,1,5650.111154
USDT,2026-01-28 00:00:00.000 UTC,1,2.156917
USDC,2026-01-29 00:00:00.000 UTC,2,5.3632919999999995
USDT,2026-01-29 00:00:00.000 UTC,1,27326.101672
USDC,2026-01-30 00:00:00.000 UTC,1,8.21374
USDT,2026-01-30 00:00:00.000 UTC,1,6564.855256
DAI,2026-01-31 00:00:00.000 UTC,1,1005277264168714.1
USDC,2026-01-31 00:00:00.000 UTC,13,92534.520199
USDT,2026-01-31 00:00:00.000 UTC,9,28421.171666000002
